a,p,c,v,0.165,f,f,0,f,g,00132,0,0
b,g,m,v,2,f,t,01,t,g,00460,68,0
a,p,ff,ff,3.25,f,f,0,f,g,00280,0,0
b,g,x,h,17.5,t,t,09,t,g,00000,1000,1
b,g,w,v,0.29,f,t,01,f,g,00340,2803,0
b,p,c,v,2.5,t,f,0,f,s,00040,0,1
b,p,c,v,1.625,f,f,0,f,g,00160,2,0
b,p,cc,v,5.25,t,t,01,f,g,00211,0,1
b,g,ff,ff,5,t,t,05,f,g,00000,8851,1
a,g,ff,ff,0,t,f,0,f,g,00080,0,0
b,p,i,v,1,f,f,0,t,g,00360,1000,0
a,g,i,h,0.29,f,f,0,f,g,00080,484,0
a,g,aa,v,0.165,f,f,0,f,g,00220,1000,0
a,g,ff,ff,3.04,f,t,02,t,g,00200,4,0
b,g,ff,ff,4,f,t,01,f,g,00070,6,0
a,g,ff,ff,0,f,f,0,f,s,00000,0,0
b,p,c,v,1.5,t,f,0,t,g,00000,225,0
a,p,aa,v,2,f,f,0,f,g,00180,0,0
b,g,cc,v,0.625,t,t,07,f,g,00000,7059,1
b,g,ff,ff,0,f,f,0,f,g,00145,0,0
b,g,cc,bb,0.5,f,f,0,f,g,00348,0,0
b,g,c,bb,5,t,f,0,t,s,00280,0,0
b,g,d,h,0.5,f,f,0,f,g,00228,0,0
b,p,k,ff,0,f,f,0,f,g,00120,0,0
b,p,cc,v,0.085,f,f,0,f,g,00180,0,0
a,g,i,bb,3.085,f,f,0,t,g,00073,0,0
a,g,x,h,3.085,t,t,01,f,g,00120,11,1
b,g,m,v,0.5,t,f,0,t,s,00320,0,0
b,g,aa,v,0.79,f,f,0,f,g,00080,350,0
b,g,c,v,1.75,t,t,11,f,g,00032,540,1
a,g,q,v,2.085,t,t,05,f,g,00220,2503,1
b,g,c,v,4.5,t,t,12,t,g,00000,221,1
b,p,k,v,0.25,t,t,11,f,g,00380,2732,1
a,g,q,v,0.415,t,t,05,t,g,00000,560,1
a,g,cc,h,0.625,t,t,09,t,g,00181,0,1
b,p,w,v,2.25,t,t,01,t,g,00080,300,1
b,g,d,v,3,t,t,09,f,g,00250,730,1
b,g,c,h,1.415,t,f,0,f,g,00422,200,1
b,g,i,v,0.5,t,f,0,t,g,00100,68,0
a,g,j,j,0,t,f,0,f,g,00100,960,1
b,g,ff,ff,0,t,f,0,t,g,00000,0,1
b,p,w,v,0.375,t,f,0,t,g,00260,1065,1
b,g,k,v,0.5,t,f,0,f,s,00280,0,0
b,g,i,bb,4,f,f,0,t,s,00420,0,0
a,g,w,v,1,f,f,0,t,g,00360,6,0
b,g,k,v,1,f,t,11,f,s,00000,0,0
a,g,w,v,0.875,f,f,0,t,g,00160,0,0
a,p,ff,ff,0,f,f,0,f,g,00000,0,0
a,p,ff,ff,0,t,f,0,f,g,00320,0,0
b,g,aa,v,0.04,f,f,0,f,g,00108,100,0
b,g,q,v,2.375,t,t,03,t,g,00000,582,1
b,g,cc,v,3.125,t,t,08,f,g,00330,1200,1
b,g,q,h,11.5,t,t,07,t,g,00300,5,0
b,g,x,h,3.75,t,f,0,t,g,00680,0,0
b,g,aa,v,0.25,f,f,0,t,g,00100,0,0
b,p,x,h,0.04,f,f,0,f,g,00128,1,0
b,g,aa,v,7.5,t,f,0,t,g,00523,0,0
a,g,k,h,0.085,f,f,0,f,g,00320,5,0
b,p,w,v,0.085,t,t,01,f,g,00050,1187,1
a,g,e,dd,2.25,t,t,05,t,g,00099,500,1
b,g,d,h,1.875,t,t,06,f,g,00200,327,1
a,g,e,bb,6.5,t,t,06,f,g,00375,51100,1
a,g,q,v,0.585,t,t,04,f,g,00080,0,1
b,g,w,bb,0.25,t,f,0,t,g,00163,0,0
b,g,m,v,0.96,t,t,03,t,g,00396,0,1
b,g,c,v,0.835,t,f,0,f,s,00300,0,1
a,g,ff,ff,0,f,t,01,f,g,00092,300,0
b,g,w,v,1.165,t,f,0,t,g,00200,0,0
b,p,e,h,0.04,t,f,0,t,g,00393,0,1
a,g,d,v,1.25,f,f,0,f,g,00272,0,0
b,p,c,v,1.5,f,f,0,t,g,00060,0,0
b,g,q,v,0.125,t,f,0,t,g,00260,0,1
b,g,q,v,3.5,f,f,0,f,g,00454,50,0
b,g,x,h,7.96,t,t,08,f,g,00000,0,1
b,g,cc,h,7.415,t,f,0,t,g,00000,0,1
b,g,cc,v,1.54,t,t,01,t,g,00520,50000,1
b,p,c,v,0.04,f,f,0,f,g,00170,179,0
a,g,cc,h,0.75,t,t,07,f,g,00096,0,1
b,p,cc,v,0.25,t,t,02,f,g,00260,500,1
b,g,cc,v,4.29,t,t,01,t,g,00120,0,1
b,g,i,v,0.25,f,f,0,t,g,00221,0,0
a,g,aa,v,1.75,f,t,10,t,g,00000,10,0
a,g,c,v,1,f,f,0,f,g,00120,18,0
b,p,ff,ff,1.5,f,f,0,f,g,00120,1,0
b,g,m,v,3.5,f,f,0,t,s,00400,0,0
b,g,aa,v,3,t,f,0,t,s,00020,0,1
a,g,k,v,1,t,f,0,t,g,00000,0,1
b,p,k,h,3.96,t,f,0,f,g,00180,314,1
a,p,c,h,3,t,f,0,f,g,00240,0,1
b,g,q,v,2.5,t,t,07,t,g,00100,809,1
a,g,q,v,0.04,f,f,0,t,g,00380,0,0
b,p,ff,ff,0,f,f,0,f,g,00100,0,0
a,g,q,v,0.25,f,t,01,f,g,00108,98,0
b,g,i,bb,0.21,f,f,0,f,g,00550,0,0
b,g,d,h,5.75,f,f,0,t,g,00292,0,0
b,g,ff,ff,0,f,t,01,f,g,00096,19,0
b,g,c,v,0.125,f,f,0,f,g,00360,0,0
b,g,w,v,0.04,t,f,0,t,g,00400,5800,1
b,g,c,v,1,f,f,0,f,g,00460,16,0
b,g,m,v,14,t,t,06,t,g,00360,1332,1
a,g,q,h,1.625,t,t,02,f,g,00000,0,1
b,g,cc,h,2.75,t,t,06,f,g,00160,2072,1
a,g,q,v,0.165,t,t,03,f,g,00100,6,1
a,g,q,v,0.415,f,t,01,t,g,00200,11,0
b,g,c,h,5.335,t,t,11,f,g,00000,2283,1
a,g,d,v,1,f,f,0,t,g,00180,1062,0
a,g,x,v,13.875,t,t,02,t,g,00519,1704,1
b,g,q,v,0.375,t,t,01,f,g,00160,0,0
a,g,q,v,1.29,t,t,02,f,g,00200,0,0
b,g,w,v,8.625,t,t,06,t,g,00070,0,1
a,g,k,h,6.75,t,t,03,t,g,00100,50,0
b,g,ff,ff,0.29,f,f,0,f,g,00200,3,0
b,p,w,v,1.75,t,t,02,t,g,00120,1000,1
a,g,i,bb,2.25,t,f,0,t,g,00000,300,1
b,p,d,v,1.085,t,t,08,t,g,00160,1,1
a,p,q,h,0.165,f,f,0,f,g,00340,0,0
b,p,ff,ff,0,t,f,0,t,g,00000,0,0
b,p,c,h,9.46,t,f,0,t,g,00200,100,0
b,g,d,v,0.75,f,f,0,t,g,00080,0,0
a,p,j,j,0,t,t,11,t,g,00000,0,1
b,g,w,v,1.5,f,f,0,f,g,00150,8,1
a,g,cc,v,0.04,t,f,0,f,g,00080,1349,1
b,g,w,v,1.25,t,t,01,f,g,00202,0,1
b,p,ff,ff,0.04,f,t,02,f,g,00000,351,0
b,g,aa,v,1,t,f,0,t,g,00240,0,0
b,g,d,v,0.165,f,f,0,f,g,00168,0,0
b,g,c,h,0.25,f,t,02,t,g,00400,108,0
b,g,q,v,0.04,t,t,01,f,g,00200,300,1
b,g,w,v,0.085,f,t,01,f,g,00000,6,0
b,g,w,v,0.75,f,f,0,t,g,00300,67,0
b,g,m,v,1,f,f,0,t,g,00120,1,0
a,p,c,v,1,t,t,04,t,g,00080,500,1
b,g,c,v,1,t,t,03,f,g,00000,0,1
b,g,e,v,0.04,f,t,01,f,s,00560,0,1
b,g,m,v,1.75,t,t,02,t,g,00000,15,1
a,g,x,h,0.5,t,t,02,t,g,00300,551,1
b,g,e,z,20,t,t,07,t,g,00022,0,1
a,g,aa,v,0.125,f,f,0,f,g,00200,1,0
b,g,e,dd,0,t,f,0,f,g,00000,0,1
a,g,q,v,4,t,t,14,f,g,00000,1602,1
b,g,q,h,12.75,t,f,0,t,g,00092,0,1
b,g,e,z,13,t,t,01,t,g,00000,0,1
b,p,i,h,10,f,f,0,t,s,00200,0,0
b,g,i,bb,1,t,f,0,f,g,00000,200,0
b,g,aa,v,0.5,f,f,0,f,g,00200,0,0
b,g,d,bb,15,t,t,17,t,g,00000,0,1
b,g,m,v,0.25,t,t,03,f,g,00260,15108,1
a,g,w,v,1.085,t,t,16,f,g,00120,2079,1
b,g,i,v,0.125,f,f,0,f,g,00060,100,0
b,g,k,h,8,t,f,0,t,g,00024,2028,1
a,g,q,v,0.5,t,t,03,t,g,00145,0,1
b,g,c,v,0.165,f,f,0,f,g,00100,0,1
b,g,aa,v,0.455,t,f,0,t,g,00200,0,0
a,p,i,bb,4.5,f,f,0,f,g,00200,456,0
b,g,m,h,4.25,t,t,12,t,g,00093,0,1
b,g,c,h,8.29,f,f,0,t,g,00000,0,0
b,g,k,v,4.5,t,t,07,f,g,00150,1270,1
b,g,c,v,2.5,f,t,02,t,g,00160,41,0
b,g,w,v,0.085,f,f,0,f,g,00320,3552,0
a,p,j,j,0,f,f,0,f,g,00160,0,0
b,g,c,v,1.665,t,t,03,t,g,00040,28,1
b,g,d,v,0.5,f,f,0,f,g,00144,0,0
b,g,q,h,5,t,t,06,t,g,00470,0,1
b,g,w,v,3.5,t,t,03,t,g,00329,0,0
b,g,x,h,5.75,f,f,0,t,s,00711,0,1
b,g,k,v,1.585,f,f,0,t,g,00100,1212,0
b,g,q,h,1.585,t,f,0,t,g,00120,0,1
a,g,q,v,2.585,t,t,07,f,g,00129,3257,1
a,g,q,v,8.5,t,t,05,t,g,00120,0,1
a,p,k,v,1.25,f,f,0,t,g,00280,0,0
b,g,c,v,1.5,t,t,10,f,g,00186,4700,1
a,g,q,v,3.17,t,t,10,f,g,00120,245,1
a,g,m,v,2,t,f,0,f,s,00368,0,0
a,p,i,h,0.5,f,f,0,t,g,00160,0,0
a,g,k,v,0.54,t,t,04,f,g,00380,500,1
b,g,c,v,0.25,t,f,0,f,g,00140,0,0
b,g,d,h,0.665,t,f,0,t,g,00000,0,1
b,g,k,v,6.29,t,t,15,f,g,00000,11202,1
a,g,c,v,0.165,f,f,0,f,g,00000,351,0
a,g,j,ff,0,t,t,15,f,g,00000,247,1
a,g,c,v,2.5,t,f,0,f,g,00000,0,1
a,g,q,v,2.415,t,f,0,t,g,00440,0,0
b,g,c,v,0.25,f,f,0,f,g,00110,0,0
b,g,c,v,1.5,f,f,0,f,p,00120,0,0
b,g,e,z,20,t,t,11,f,g,00000,1200,1
b,p,c,h,3.25,t,t,01,t,g,00432,8000,1
a,g,aa,v,0.665,f,f,0,f,g,00240,237,0
a,g,q,v,1.75,t,t,10,f,g,00080,990,0
b,p,w,h,5.25,t,f,0,t,g,00154,0,1
b,g,q,h,5.665,t,t,06,f,g,00381,168,1
b,g,e,v,1,f,f,0,f,g,00600,0,0
b,g,c,v,1.46,t,t,05,t,g,00312,0,1
a,g,aa,v,0.5,f,f,0,t,g,00240,117,0
b,g,w,h,15.5,t,t,12,f,g,00000,790,1
a,g,w,h,0.04,f,t,03,f,g,00000,33,0
b,g,r,n,5.375,t,t,09,t,g,00000,134,1
a,g,k,v,5.5,f,f,0,t,s,00100,0,0
a,g,c,h,0.875,t,f,0,t,g,00491,0,1
b,g,c,v,0.125,f,t,02,f,g,00000,5552,0
b,g,c,v,2.085,f,f,0,f,s,00080,0,0
b,g,cc,h,14,t,t,01,t,g,00088,2000,1
b,p,i,bb,8.5,t,t,07,t,g,00195,0,1
b,g,aa,v,1.96,t,t,14,f,g,00060,158,1
b,g,c,bb,6.5,t,t,16,f,g,00117,1210,1
b,g,c,n,0.96,f,t,02,t,g,00160,587,0
a,g,cc,v,0.04,t,f,0,f,g,00440,11177,1
a,g,ff,ff,0,t,t,01,f,g,00232,100,1
b,p,cc,v,0.665,f,f,0,f,g,00160,0,0
b,g,c,h,1.085,f,f,0,f,g,00320,13,0
b,g,x,h,7.5,t,t,06,t,g,00000,1000,1
b,g,i,bb,5,f,f,0,f,g,00210,687,0
a,g,j,j,0,f,f,0,t,g,00276,1,0
b,g,x,h,4.5,t,t,04,t,g,00253,857,1
b,p,i,h,0.04,f,f,0,f,g,00140,100,0
b,g,ff,ff,0,f,t,05,f,g,00176,146,0
b,g,k,v,2.25,t,t,02,t,g,00120,5,0
b,p,aa,v,0.54,f,f,0,t,g,00120,67,0
a,g,cc,v,0.375,f,f,0,f,g,00300,44,1
b,g,x,v,0.29,t,t,06,f,g,00121,0,1
a,g,q,h,14,t,t,08,f,g,00000,6590,1
b,p,ff,ff,0,f,t,02,f,g,00160,1,0
b,g,e,v,8.665,t,t,05,f,g,00000,0,1
b,g,x,h,1.25,t,f,0,f,g,00000,5298,1
a,p,aa,v,0.585,t,f,0,t,g,00160,0,0
b,g,i,bb,3.25,t,t,02,f,g,00274,610,1
a,g,aa,h,3,f,f,0,f,g,00000,0,0
b,p,q,h,5.085,f,t,02,t,g,00369,1,0
a,g,w,v,1.665,f,f,0,f,g,00220,5,0
b,g,m,v,0.085,f,t,04,f,g,00254,1950,0
b,g,c,h,4.25,t,t,03,t,g,00312,150,1
a,g,c,v,0.125,f,f,0,f,g,00160,0,0
b,g,k,v,0.75,f,f,0,f,g,00180,0,0
b,g,c,h,2.29,f,t,01,t,g,00416,21,0
b,g,k,ff,0,f,f,0,f,g,00100,0,0
b,g,c,bb,0.25,t,f,0,t,g,00160,0,1
b,p,e,dd,0,f,f,0,f,g,00100,0,0
b,g,r,h,6.5,t,f,0,t,g,00164,31285,1
b,g,d,v,0.585,f,f,0,t,s,00000,0,0
b,p,d,v,5.5,t,f,0,t,s,00100,0,1
b,g,w,v,5.5,f,f,0,f,g,00465,150,0
a,g,d,v,0.54,f,f,0,t,g,00000,0,0
b,p,ff,ff,1.5,f,f,0,f,g,00180,4,0
b,g,aa,v,0.085,f,f,0,f,g,00000,0,0
a,p,j,j,0,f,f,0,f,g,00160,20,0
a,g,q,h,1.75,t,f,0,f,g,00029,837,1
a,g,aa,v,1.5,t,t,12,t,g,00120,567,1
b,g,i,bb,0,t,t,11,f,g,00000,1249,1
a,g,k,h,1,f,f,0,t,s,00240,0,0
b,g,i,bb,2.5,f,f,0,t,g,00232,200,0
b,g,i,bb,2.25,f,f,0,t,g,00141,0,0
b,gg,ff,o,0,f,f,0,t,p,00450,100000,1
b,g,c,v,0.04,f,f,0,f,g,00000,0,1
b,p,k,v,0.25,f,f,0,f,g,00224,0,0
b,p,c,v,0.375,t,t,08,t,g,00300,162,1
a,g,q,h,2.29,t,t,07,t,g,00140,2384,1
a,p,j,ff,0,f,f,0,f,g,00086,0,0
b,g,i,v,1,f,f,0,t,g,00210,0,0
a,g,w,v,0.25,f,t,01,t,g,00240,4,0
a,g,q,v,1,t,t,02,t,g,00167,500,0
b,g,d,v,0.25,f,f,0,t,s,00280,0,0
b,g,cc,h,7,t,t,08,f,g,00320,0,1
a,g,c,v,5.5,t,t,07,f,g,00000,3000,1
b,g,cc,h,5.085,t,t,09,f,g,00399,827,1
a,g,cc,v,13.5,t,f,0,t,g,00980,0,0
b,p,c,bb,1.5,t,t,08,t,g,00144,7,1
a,g,aa,v,0.085,t,f,0,f,g,00100,0,1
a,g,x,h,1,t,t,11,f,g,00000,3000,1
b,g,k,h,4.165,t,t,02,t,g,00181,0,1
b,g,i,bb,0,t,f,0,t,g,00000,0,1
b,g,q,n,0.21,f,f,0,f,g,00200,40,1
b,p,c,v,0.165,f,t,01,f,g,00200,1,0
b,p,k,v,0.125,f,f,0,f,g,00140,4,0
b,g,q,h,0.21,t,t,01,f,g,00760,90,0
b,g,i,bb,0,f,f,0,f,g,00180,0,0
b,g,q,v,1,t,f,0,t,g,00060,400,1
b,p,aa,v,0.04,f,f,0,t,g,00120,475,0
b,p,c,v,2,f,f,0,t,s,00240,0,0
b,g,x,h,0.04,t,f,0,f,g,00000,3000,1
b,g,c,v,0.125,f,f,0,f,g,00000,44,0
a,p,x,h,0,f,f,0,t,g,00154,32,0
b,p,i,bb,0.5,t,t,10,t,g,00132,28,0
a,p,x,v,1,f,f,0,f,g,00280,13,0
b,g,ff,ff,0,t,t,01,f,g,00094,0,0
b,g,i,bb,0,f,f,0,t,g,00178,0,0
b,g,c,v,1,f,f,0,t,g,00000,228,0
b,g,k,v,0.085,f,f,0,t,g,00356,0,0
b,g,q,h,6,t,t,11,f,g,00080,0,1
a,g,q,h,1.25,t,t,01,f,g,00000,678,1
b,g,w,v,0.125,f,t,02,f,g,00220,1,0
b,g,c,v,0.29,f,f,0,f,g,00220,140,0
b,g,c,v,0.29,t,t,07,t,g,00096,5124,1
b,g,w,v,2,t,t,01,f,g,00080,278,1
b,g,i,bb,0.125,f,f,0,t,g,00440,4500,0
b,p,k,v,2.5,t,t,01,f,g,00180,20,0
b,g,d,v,3.75,f,f,0,t,g,00000,350,0
b,g,m,v,0.125,t,f,0,t,g,00225,0,1
a,p,ff,ff,0.125,f,f,0,f,g,00120,87,0
b,g,k,v,0.375,f,t,02,t,g,00174,3,0
b,g,c,h,2.625,t,t,11,t,g,00000,284,1
b,g,w,v,2.25,f,t,01,t,g,00100,3,0
b,g,w,v,11,t,f,0,t,g,00070,0,1
b,g,q,h,5.5,t,t,12,t,g,00408,1000,1
b,g,k,v,0.5,t,f,0,f,g,00080,0,1
a,g,cc,h,0.335,t,t,01,t,g,00080,50,1
a,g,q,h,5,t,t,02,f,g,00000,5000,1
b,g,i,v,3.5,t,t,09,f,g,00056,742,1
b,g,k,v,0.04,f,f,0,t,g,00160,40,0
a,g,c,v,3,f,f,0,f,g,00480,0,0
a,g,ff,ff,0,f,f,0,f,g,00076,0,0
b,g,c,v,2.5,t,f,0,t,g,00140,0,0
b,g,cc,h,5.5,t,t,03,t,g,00000,0,1
b,p,m,v,0.125,f,f,0,t,s,00080,0,0
b,p,ff,ff,0,f,f,0,t,g,00180,1,0
b,g,q,h,0.165,f,f,0,t,g,00220,251,0
b,g,m,v,0.085,f,f,0,f,s,00000,0,0
a,g,aa,v,4,t,t,04,f,g,00000,99,1
b,g,m,v,0.04,f,t,01,f,g,00100,1,0
b,g,cc,h,2.25,f,f,0,t,s,00340,0,0
a,g,q,h,0.29,t,t,11,f,g,00080,99,1
b,g,e,z,12.75,t,t,01,t,g,00000,109,1
b,p,c,h,1.375,t,t,03,t,g,00140,210,0
b,g,c,v,0.5,f,f,0,t,s,00000,0,0
b,p,k,v,0.25,t,t,10,t,g,00320,0,1
b,g,k,v,0.04,f,f,0,f,g,00000,2690,1
a,p,k,h,3,f,f,0,t,g,00020,16,0
a,g,j,j,0,t,f,0,t,g,00100,27,0
b,g,i,bb,0.5,f,f,0,t,g,00640,4000,0
b,g,d,v,0.165,f,f,0,t,g,00120,0,0
b,p,c,v,0.04,f,f,0,f,g,00240,0,0
b,p,c,v,0.165,f,f,0,f,g,00160,1058,0
b,g,x,v,0.125,t,t,05,t,g,00480,0,1
a,gg,cc,ff,10,f,f,0,t,s,00300,0,1
a,g,j,j,0,f,t,01,f,g,00200,53,0
a,g,i,h,0.21,f,f,0,f,g,00260,246,0
b,g,e,h,7,t,t,03,f,g,00000,0,1
b,g,c,v,0.25,f,f,0,f,s,00080,0,0
b,g,q,v,0.375,t,t,02,f,g,00000,38,0
b,g,q,v,0.335,f,t,04,f,g,00160,8,0
a,g,x,h,0.875,t,f,0,f,g,00360,0,1
a,g,c,v,1.75,f,t,01,t,g,00080,5,0
b,p,m,bb,0,f,f,0,t,s,00500,1,1
b,p,i,bb,1.085,f,f,0,t,g,00480,0,0
b,g,x,v,2.5,t,t,06,f,g,00520,196,1
b,g,k,v,0.125,f,f,0,t,g,00280,55,0
b,g,m,v,16,t,f,0,f,s,00110,0,1
b,g,q,v,0.125,f,f,0,f,g,00200,0,0
b,p,k,v,0.085,f,f,0,f,g,00216,2100,0
b,p,cc,v,2,t,f,0,t,g,00100,20,0
a,g,ff,ff,0,f,f,0,f,g,00000,50,0
b,g,m,v,1.29,t,t,01,f,g,00260,800,1
a,g,ff,ff,0,f,f,0,f,g,00340,1,0
a,g,c,h,1,t,t,04,f,g,00050,1465,1
b,g,k,h,0.25,f,f,0,t,s,00140,0,0
b,p,r,n,0.75,f,f,0,t,g,00132,2,0
b,g,w,v,0.165,f,t,01,f,g,00272,444,0
b,g,w,v,1.71,t,f,0,f,s,00120,0,1
b,g,e,bb,1.585,t,f,0,t,s,00420,0,0
b,g,i,v,0.335,f,f,0,t,g,00140,2,0
b,g,i,h,0.085,f,f,0,t,g,00220,5,0
b,g,i,h,5,t,f,0,t,g,00320,0,1
b,g,w,h,0.75,t,t,01,f,g,00240,100,1
a,g,ff,ff,0,f,t,10,f,g,00200,18,0
b,g,x,v,0.75,t,t,07,t,g,00340,4071,1
a,g,x,h,1.04,t,f,0,t,g,00160,5860,1
a,p,x,h,0.75,t,t,04,f,g,00000,321,1
b,g,x,v,2.5,t,f,0,f,g,00510,600,1
b,p,c,h,2.04,t,t,01,t,g,00180,18027,1
a,g,q,h,2.75,t,t,01,f,g,00333,892,1
b,g,c,v,1.75,t,t,05,t,g,00352,690,1
b,p,k,h,0.835,t,f,0,t,g,00140,0,0
a,g,cc,h,3.5,t,t,06,f,g,00400,458,1
b,g,i,v,0.415,f,f,0,f,g,00000,0,0
b,g,x,v,1.665,t,t,01,t,g,00395,20,1
a,p,c,v,2.5,f,f,0,t,g,00000,2,0
b,g,c,v,3,t,f,0,t,g,00000,0,1
b,g,ff,ff,0,t,f,0,f,g,00130,1,0
a,g,c,v,2.5,t,t,05,t,g,00300,1430,1
a,p,ff,ff,0,f,f,0,t,g,00180,60,0
a,p,c,v,0,f,f,0,f,g,00120,0,0
b,g,ff,ff,0,f,t,02,f,g,00017,1,0
b,g,x,h,1.625,t,t,01,t,g,00515,500,1
b,g,i,v,0.125,f,f,0,f,g,00160,10,0
a,p,c,v,1,f,t,01,f,g,02000,2,0
a,g,aa,h,1.75,t,f,0,f,g,00400,0,0
b,g,c,j,2.25,f,f,0,t,s,00000,0,1
a,p,q,v,3,t,f,0,t,g,00268,0,0
b,g,w,v,7.5,t,t,02,t,g,00330,0,1
b,g,cc,v,1.165,f,f,0,f,g,00100,0,0
b,g,w,v,1.75,f,f,0,f,g,00200,0,0
b,g,c,v,2.415,f,f,0,t,g,00320,0,0
a,g,c,v,0.25,f,t,01,t,g,00040,154,0
b,p,c,bb,0.25,t,f,0,t,g,00164,400,0
b,g,c,v,3.335,f,t,02,t,g,00180,173,0
b,g,m,v,0.25,t,f,0,f,s,00288,0,0
b,p,aa,v,0.25,f,f,0,f,g,00060,0,0
b,g,k,h,3.5,f,f,0,t,g,00340,0,0
a,g,ff,ff,0,f,f,0,t,s,00062,27,0
b,g,m,v,4.25,t,t,06,f,g,00204,0,1
b,g,c,v,1.5,f,f,0,f,g,00000,316,0
b,g,c,bb,2.5,t,t,06,f,g,00000,367,1
b,p,k,v,0.415,f,t,01,t,g,00280,80,0
b,g,c,bb,0.585,f,t,02,t,g,00200,7,0
b,g,cc,v,0.5,f,f,0,f,g,00000,2,0
b,g,q,v,0.665,f,f,0,f,g,00160,1,0
a,p,ff,ff,5,f,f,0,t,g,00000,4,0
b,g,c,v,0.5,t,f,0,f,g,00120,0,0
a,p,ff,ff,2,f,t,01,t,g,00200,1,0
a,g,c,v,2,t,t,11,f,g,00000,456,1
a,g,i,v,0.335,f,f,0,t,s,00144,0,0
b,p,x,v,0.04,t,t,01,t,g,00840,59,1
b,g,c,v,7,t,t,16,f,g,00000,5000,1
b,g,w,h,0.165,f,t,01,f,g,00120,1,0
b,g,ff,ff,0.085,f,f,0,t,g,00100,4208,0
b,g,c,h,4.335,t,f,0,f,g,00260,200,1
a,p,x,v,2.46,f,f,0,f,g,00164,0,1
a,g,aa,v,1,f,t,02,t,g,00320,1,0
b,p,j,v,0.29,f,f,0,f,g,00140,184,0
a,g,w,v,1.625,t,t,06,t,g,00040,600,1
a,g,q,v,0.085,f,f,0,f,g,00120,0,0
b,g,e,z,0,t,t,20,f,g,00152,130,0
b,g,m,v,1.29,t,t,05,t,g,00108,1097,1
b,p,m,v,0.04,f,f,0,f,g,00000,0,0
b,g,ff,ff,0,f,t,03,f,g,00350,769,0
b,g,w,v,1.75,t,t,05,t,g,00060,58,1
b,g,aa,v,0.25,f,f,0,t,g,00000,0,0
b,p,cc,h,0.125,f,f,0,f,g,00240,1,0
b,g,w,v,5.75,t,f,0,t,g,00487,500,1
b,p,m,v,0.5,f,f,0,t,g,00130,0,0
a,g,w,v,0.25,f,f,0,t,g,00180,50,0
b,p,aa,v,3.5,f,f,0,t,g,00320,0,0
b,g,aa,v,0.125,t,f,0,t,g,00443,0,0
b,g,i,h,0.415,f,f,0,t,g,00120,0,0
b,g,i,h,5.125,t,f,0,f,g,00400,0,1
a,g,c,v,1.085,t,t,01,t,g,00371,0,1
b,g,aa,v,0.665,f,t,01,f,g,00080,21,0
b,p,m,v,0.04,f,f,0,f,g,00140,0,0
a,g,c,v,0.165,f,f,0,f,g,00160,0,0
a,p,aa,v,0.25,t,f,0,t,g,00370,0,1
a,g,i,bb,0.5,t,f,0,t,g,00171,0,0
b,g,k,v,0.5,f,f,0,t,g,00300,2,0
b,g,x,bb,0.085,f,f,0,t,g,00520,0,0
b,p,d,v,0.585,f,f,0,f,g,00240,3,0
b,g,w,v,1.75,t,t,03,f,g,00120,14,1
b,p,c,v,1.5,f,f,0,t,g,00160,0,0
b,p,e,h,1.25,f,f,0,f,g,00260,0,0
a,g,q,h,1.5,f,f,0,f,g,00280,1,0
a,g,aa,v,1.375,t,f,0,t,g,00000,0,1
b,g,m,v,10.75,t,f,0,f,s,00400,0,0
b,g,w,v,0.125,f,f,0,f,g,00100,0,0
b,g,c,v,0.585,t,t,03,t,g,00180,0,0
b,g,q,h,6,t,f,0,t,g,00350,0,1
a,g,c,v,7.875,t,t,06,t,g,00000,1260,1
b,g,i,bb,1,f,f,0,f,g,00100,2,0
a,g,i,bb,10,t,t,13,f,g,00000,6700,1
b,g,cc,v,0.665,t,f,0,f,g,00100,0,1
b,g,cc,v,0.085,t,f,0,f,g,00000,0,1
b,p,w,v,0.29,f,f,0,t,g,00309,2,0
b,g,w,v,3.75,t,t,05,t,g,00100,3,1
b,g,aa,v,1.415,t,t,01,f,g,00080,9800,1
b,g,c,v,0.085,f,f,0,f,g,00300,0,0
a,p,ff,ff,0,f,f,0,f,g,00000,0,0
b,p,c,h,2.585,t,f,0,f,g,00000,0,1
a,p,q,h,8,t,t,14,f,g,00000,2300,1
b,g,ff,ff,14.415,t,t,11,t,g,00030,300,1
b,p,ff,ff,0,f,t,04,f,g,00045,1,0
b,g,w,v,1.5,t,f,0,f,g,00120,2206,1
a,g,q,v,0.71,t,t,02,t,g,00049,0,1
b,g,aa,bb,0.25,f,f,0,t,g,00720,0,0
a,g,q,v,0.75,f,f,0,f,s,00160,0,0
b,g,c,h,2.165,f,f,0,t,g,00128,0,1
a,g,q,v,11,t,f,0,t,g,00021,10561,1
b,g,w,v,1.165,f,f,0,f,g,00120,0,0
b,g,w,v,0.875,t,f,0,t,g,00260,0,0
b,g,cc,v,0.165,f,f,0,t,g,00000,501,0
b,p,aa,v,4,t,f,0,f,g,00188,0,0
a,g,c,v,0,f,f,0,f,g,00000,0,0
a,g,q,h,3.04,t,t,06,f,g,00043,560,1
b,g,c,v,1.085,t,t,11,t,g,00060,2184,1
a,g,aa,v,1.415,t,f,0,f,g,00160,150,1
a,g,i,bb,5.165,t,t,09,t,g,00000,0,1
a,g,c,h,2.75,t,f,0,t,g,00360,1,0
b,g,c,v,2.25,t,t,01,f,g,00100,150,1
b,g,k,v,0.21,t,f,0,f,g,00160,0,0
b,p,c,v,0.04,f,f,0,f,g,00140,722,0
a,g,q,v,5,t,t,07,t,g,00000,0,1
a,g,w,v,0.835,t,f,0,f,s,00280,0,1
b,g,aa,v,5.04,t,t,05,t,g,00168,0,1
b,p,m,v,0.165,f,f,0,f,s,00400,0,0
b,g,q,h,9,t,f,0,t,g,00102,639,1
b,g,k,v,0.29,f,f,0,f,g,00280,364,0
b,g,w,v,5,t,t,06,t,g,00500,10000,1
b,g,w,h,1.46,t,t,07,f,g,00080,2954,1
b,g,c,v,0.165,f,f,0,f,g,00216,0,0
b,g,ff,ff,18,t,t,15,t,g,00000,1000,1
b,g,w,v,0.29,f,t,01,f,g,00420,283,0
b,p,w,v,0.835,t,f,0,t,g,00160,300,1
b,g,c,v,2.5,t,t,17,f,g,00200,1208,1
b,g,cc,h,6.04,t,t,03,f,g,00311,300,1
a,p,e,z,0,t,f,0,f,g,00000,13212,1
b,g,aa,v,0.04,f,f,0,f,g,00280,750,0
b,p,k,v,0.29,f,f,0,f,s,00200,0,0
b,g,c,v,0.54,f,f,0,t,g,00136,1,0
a,g,k,bb,1,t,t,03,t,g,00212,0,0
b,p,w,v,7,f,f,0,t,g,00280,0,0
a,g,q,v,1.585,t,t,01,f,g,00000,0,1
a,g,q,h,0.085,f,t,12,t,g,00129,3,0
b,p,c,v,1.5,f,f,0,t,g,00232,113,1
b,g,c,h,12.5,t,t,09,f,g,00181,1655,1
a,g,aa,v,0.25,f,f,0,f,g,00000,390,0
b,g,cc,v,3.5,t,t,10,t,g,00000,0,1
a,g,c,h,1.5,t,t,02,f,g,00100,0,1
b,g,ff,ff,0.415,f,f,0,f,g,00080,0,0
a,g,c,v,0.795,t,t,05,t,g,00140,5,0
a,g,q,v,0.25,f,f,0,t,g,00120,809,0
b,p,w,v,0.25,f,f,0,f,g,00000,195,0
b,g,cc,h,10,t,t,14,t,g,00399,0,1
b,p,k,v,0.125,f,f,0,f,g,00200,70,0
b,g,q,v,2,t,t,02,t,g,00080,0,1
a,g,ff,ff,6.5,f,t,01,f,g,00000,10,0
b,g,w,v,4,t,t,14,f,g,00383,1344,1
b,g,q,h,1.335,t,f,0,f,g,00100,0,1
a,p,q,h,0.125,t,t,23,t,g,00455,1236,1
b,p,x,h,10,t,f,0,t,g,00176,0,0
